ID,商品名1,商品名2,価格,カテゴリ,おすすめ,在庫
1,グレンアラヒー,12年,1500,スコッチ・スペイサイド,0,1
2,グレンアラヒー,15年,1800,スコッチ・スペイサイド,0,1
3,グレンフィディック,12年,900,スコッチ・スペイサイド,0,1
4,グレンフィディック,15年,1500,スコッチ・スペイサイド,0,1
5,グレンフィディック,マスターエディション,1000,スコッチ・スペイサイド,0,1
6,グレンフィディック,プロジェクトXX,1400,スコッチ・スペイサイド,0,1
7,グレンフィディック,ピュアモルトスペシャルオールドリザーブ,1300,スコッチ・スペイサイド,0,1
8,グレンフィディック,21年グランレゼルヴァ,5500,スコッチ・スペイサイド,0,1
9,グレングラント,アルボラリス,700,スコッチ・スペイサイド,0,1
10,グレングラント,10年,800,スコッチ・スペイサイド,0,1
11,グレングラント,12年,1000,スコッチ・スペイサイド,0,1
12,グレンファークラス,10年,900,スコッチ・スペイサイド,0,1
13,グレンファークラス,12年,900,スコッチ・スペイサイド,0,1
14,グランファークラス,15年,1500,スコッチ・スペイサイド,0,1
15,グレンファークラス,ファミリーカスク1987,18000,スコッチ・スペイサイド,0,1
16,グレンファークラス,ファミリーカスク1993,15000,スコッチ・スペイサイド,0,1
17,グレンファークラス,ファミリーカスク1996,9500,スコッチ・スペイサイド,0,1
18,バルヴィニー,12年ダブルウッド,1600,スコッチ・スペイサイド,0,1
19,バルヴィニー,14年カリビアンカスク,2400,スコッチ・スペイサイド,0,1
20,マッカラン,12年シェリーオークカスク,1800,スコッチ・スペイサイド,0,1
21,マッカラン,18年シェリーオークカスク,8000,スコッチ・スペイサイド,0,1
22,マッカラン,レアカスク2023,6500,スコッチ・スペイサイド,0,1
23,ベンリアック,10年,1000,スコッチ・スペイサイド,0,1
24,ベンリアック,12年,1300,スコッチ・スペイサイド,0,1
25,インチガワー,14年(花と動物シリーズ),1500,スコッチ・スペイサイド,0,1
26,リングウッド,12年(花と動物シリーズ),1500,スコッチ・スペイサイド,0,1
27,キャパドニック,21年,3000,スコッチ・スペイサイド,0,1
28,キャパドニック,30年,12000,スコッチ・スペイサイド,0,1
29,シングルトン,12年,900,スコッチ・スペイサイド,0,1
30,クラガンモア,12年,1200,スコッチ・スペイサイド,0,1
31,グレンマレイ,16年,1500,スコッチ・スペイサイド,0,1
32,ローズアイル,12年,2200,スコッチ・スペイサイド,0,1
33,グレンドロナック,12年,1300,スコッチ・ハイランド,0,1
34,グレンドロナック,15年,2100,スコッチ・ハイランド,0,1
35,グレンモーレンジィ,12年,800,スコッチ・ハイランド,0,1
36,グレンモーレンジィ,12年ラサンタ,1100,スコッチ・ハイランド,0,1
37,グレンモーレンジィ,16年ネクター,1500,スコッチ・ハイランド,0,1
38,グレンモーレンジィ,18年インフィニータ,2800,スコッチ・ハイランド,0,1
39,オーバン,12年スペシャルリリース2025CS,2800,スコッチ・ハイランド,0,1
40,オーバン,14年,1600,スコッチ・ハイランド,0,1
41,ロイヤルブラックラ,12年,1500,スコッチ・ハイランド,0,1
42,ロイヤルブラックラ,18年,2200,スコッチ・ハイランド,0,1
43,ロイヤルブラックラ,21年,3600,スコッチ・ハイランド,0,1
44,ブレアアソール,12年(花と動物シリーズ),1700,スコッチ・ハイランド,0,1
45,ロイヤルロッホナガー,12年,900,スコッチ・ハイランド,0,1
46,ダルヴィニー,15年,1300,スコッチ・ハイランド,0,1
47,クライヌリッシュ,14年,1400,スコッチ・ハイランド,0,1
48,グレンキンチー,12年,900,スコッチ・ローランド,0,1
49,キャンベルタウンロッホ,,1800,スコッチ・キャンベルタウン,0,1
50,スプリングバンク,10年,2000,スコッチ・キャンベルタウン,0,1
51,ゴールドロンズエクリプス,,2400,スコッチ・キャンベルタウン,0,1
52,タリスカー,10年,900,スコッチ・アイランズ,0,1
53,タリスカー,ポートリー,1700,スコッチ・アイランズ,0,1
54,アラン,バレルリザーブ,1000,スコッチ・アイランズ,0,1
55,アラン,10年,1200,スコッチ・アイランズ,0,1
56,アラン,クォーターカスク,1300,スコッチ・アイランズ,0,1
57,アラン,シェリーカスク,1600,スコッチ・アイランズ,0,1
58,ラグ,,1400,スコッチ・アイランズ,0,1
59,ハイランドパーク,12年,900,スコッチ・アイランズ,0,1
60,アードベッグ,5年ウィービースティー,800,スコッチ・アイラ,0,1
61,アードベッグ,10年,1000,スコッチ・アイラ,0,1
62,アードベッグ,アンオー,1400,スコッチ・アイラ,0,1
63,アードベッグ,ウーガダール,1500,スコッチ・アイラ,0,1
64,アードベッグ,アードコア,2500,スコッチ・アイラ,0,1
65,アードベッグ,スモーキーバース,2800,スコッチ・アイラ,0,1
66,アードベッグ,ヘビーベイパース,3500,スコッチ・アイラ,0,1
67,ラフロイグ,10年,1400,スコッチ・アイラ,0,1
68,ラフロイグ,10年カスクストレングス(バッチ16),2000,スコッチ・アイラ,0,1
69,ラフロイグ,10年シェリーオークフィニッシュ,2000,スコッチ・アイラ,0,1
70,ラフロイグ,PXカスク,1600,スコッチ・アイラ,0,1
71,ボウモア,12年,1200,スコッチ・アイラ,0,1
72,ボウモア,12年シェリーカスク,1300,スコッチ・アイラ,0,1
73,ボウモア,15年,1500,スコッチ・アイラ,0,1
74,ラガヴーリン,8年,1200,スコッチ・アイラ,0,1
75,ラガヴーリン,12年カスクストレングス,3200,スコッチ・アイラ,0,1
76,ラガヴーリン,16年,1800,スコッチ・アイラ,0,1
77,アードナッホー,インフィニットロッホ,2000,スコッチ・アイラ,0,1
78,アードナッホー,ボルサ,2100,スコッチ・アイラ,0,1
79,ブルックラディ,ザクラシックラディ,900,スコッチ・アイラ,0,1
80,ポートシャーロット,10年,1200,スコッチ・アイラ,0,1
81,カリラ,12年,1200,スコッチ・アイラ,0,1
82,キルホーマン,,1400,スコッチ・アイラ,0,1
83,ブナハーブン,12年,1200,スコッチ・アイラ,0,1
84,オクトモア,16.1,3200,スコッチ・アイラ,0,1
85,デュワーズ,ホワイトラベル,500,スコッチ・ブレンデッド,0,1
86,デュワーズ,12年,700,スコッチ・ブレンデッド,0,1
87,デュワーズ,15年,1400,スコッチ・ブレンデッド,0,1
88,デュワーズ,ダブルダブル21年,2700,スコッチ・ブレンデッド,0,1
89,モンキーショルダー,,800,スコッチ・ブレンデッド,0,1
90,モンキーショルダー,スモーキーモンキー,1000,スコッチ・ブレンデッド,0,1
91,ジョニーウォーカー,黒ラベル80年代流通,900,スコッチ・ブレンデッド,0,1
92,ジョニーウォーカー,黒ラベル90年代流通,600,スコッチ・ブレンデッド,0,1
93,ジョニーウォーカー,ブルーラベル,3000,スコッチ・ブレンデッド,0,1
94,ホワイトホース,1989年以前,900,スコッチ・ブレンデッド,0,1
95,シーバスリーガル,12年,500,スコッチ・ブレンデッド,0,1
96,シーバスリーガル,12年旧,500,スコッチ・ブレンデッド,0,1
97,シーバスリーガル,ミズナラ12年,800,スコッチ・ブレンデッド,0,1
98,シーバスリーガル,13年オロロソシェリーカスク,800,スコッチ・ブレンデッド,0,1
99,カティーサーク,,500,スコッチ・ブレンデッド,0,1
100,グレンドーワン,,500,スコッチ・ブレンデッド,0,1
101,バランタイン,ファイネスト,500,スコッチ・ブレンデッド,0,1
102,フェイマスグラウス,,500,スコッチ・ブレンデッド,0,1
103,ホワイト＆マッカイ,,500,スコッチ・ブレンデッド,0,1
104,オールドパー,12年,700,スコッチ・ブレンデッド,0,1
105,ディーコン,,700,スコッチ・ブレンデッド,0,1
106,ウシュクベー,リザーブ,1000,スコッチ・ブレンデッド,0,1
107,ビッグT,5年ゴールドラベル,1200,スコッチ・ブレンデッド,0,1
108,ロイヤルハウスホールド,,5500,スコッチ・ブレンデッド,0,1
109,アーリータイムズ,ホワイトラベル,500,アメリカン・バーボン,0,1
110,オールドクロウ,,500,アメリカン・バーボン,0,1
111,ジムビーム,,500,アメリカン・バーボン,0,1
112,ジャックダニエル,,700,アメリカン・テネシー,0,1
113,ジャックダニエル,オールドNo7旧,1200,アメリカン・テネシー,0,1
114,ジャックダニエル,シングルバレル,1200,アメリカン・テネシー,0,1
115,ジェントルマンジャック,,800,アメリカン・テネシー,0,1
116,ウッドフォードリザーブ,,900,アメリカン・バーボン,0,1
117,ウッドフォードリザーブ,ダブルオークド,1300,アメリカン・バーボン,0,1
118,メイカーズマーク,レッドトップ,700,アメリカン・バーボン,0,1
119,ワイルドターキー,8年,700,アメリカン・バーボン,0,1
120,ノブクリーク,9年,800,アメリカン・バーボン,0,1
121,ブレット,バーボン,800,アメリカン・バーボン,0,1
122,バッファロートレイス,,900,アメリカン・バーボン,0,1
123,ホイッスルピッグ,10年,1500,アメリカン・ライ,0,1
124,IWハーパー,12年,1300,アメリカン・バーボン,0,1
125,IWハーパー,ゴールドメダル特級,1800,アメリカン・バーボン,0,1
126,ミクターズ,US1バーボンウイスキー,1500,アメリカン・バーボン,0,1
127,エンジェルズエンヴィ,,1800,アメリカン・バーボン,0,1
128,ブラントン,,2200,アメリカン・バーボン,0,1
129,サントリー,角瓶,500,ジャパニーズ,0,1
130,サントリー,オールド,500,ジャパニーズ,0,1
131,サントリー,リザーブ,500,ジャパニーズ,0,1
132,サントリー,レッド,500,ジャパニーズ,0,1
133,サントリー,ローヤル80年代前後流通,500,ジャパニーズ,0,1
134,サントリー,ローヤル60,1000,ジャパニーズ,0,1
135,サントリー,ローヤル15年ゴールドラベル,2000,ジャパニーズ,0,1
136,ブラックニッカ,クリアブレンド旧,500,ジャパニーズ,0,1
137,ニッカ,フロンティア,600,ジャパニーズ,0,1
138,ニッカ,セッション奏楽,900,ジャパニーズ,0,1
139,フロムザバレル,,800,ジャパニーズ,0,1
140,アマハガン,エディションno.1,900,ジャパニーズ,0,1
141,アマハガン,エディションNo.2,1200,ジャパニーズ,0,1
142,アマハガン,エディションNo.3,1400,ジャパニーズ,0,1
143,アマハガン,山桜ウッドフィニッシュ,1200,ジャパニーズ,0,1
144,山崎,,1400,ジャパニーズ,0,1
145,山崎,12年,3000,ジャパニーズ,0,1
146,白州,,1400,ジャパニーズ,0,1
147,白州,12年,3000,ジャパニーズ,0,1
148,響,ジャパニーズハーモニー,1500,ジャパニーズ,0,1
149,知多,,1200,ジャパニーズ,0,1
150,宮城峡,,1400,ジャパニーズ,0,1
151,余市,,1400,ジャパニーズ,0,1
152,竹鶴,,1500,ジャパニーズ,0,1
153,桜尾,,1200,ジャパニーズ,0,1
154,桜尾,シェリーカスク,2300,ジャパニーズ,0,1
155,イチローズモルト,&グレーンワールドブレンデッド,900,ジャパニーズ,0,1
156,戸河内,シングルモルト,1300,ジャパニーズ,0,1
157,戸河内,プレミアムブレンデッド,700,ジャパニーズ,0,1
158,御岳,ファーストエディション,2800,ジャパニーズ,0,1
159,タカゾーリボーン,プラムワインカスクフィニッシュ,1000,ジャパニーズ,0,1
160,タカゾーリボーン,ミズナラカスク,1300,ジャパニーズ,0,1
161,六甲山,杉樽フィニッシュ5年,1500,ジャパニーズ,0,1
162,六甲山,水楢ミズナラ,2000,ジャパニーズ,0,1
163,六甲山,スモーキーエディション,1200,ジャパニーズ,0,1
164,津貫,2026エディション,1400,ジャパニーズ,0,1
165,龍流(ﾘｭｳﾘｭｳ),,700,ジャパニーズ,0,1
166,姫卯(ﾋﾒｳｻｷﾞ),,1400,ジャパニーズ,0,1
167,琥月(ｺｹﾞﾂ),,2800,ジャパニーズ,0,1
168,ニッカ,鶴陶器,2500,ジャパニーズ,0,1
169,厚岸小寒(ｼｮｳｶﾝ),,3600,ジャパニーズ,0,1
170,厚岸立秋(ﾘｯｼｭｳ),,3600,ジャパニーズ,0,1
171,ジェムソン,,500,アイリッシュ,0,1
172,バスカー,緑,500,アイリッシュ,0,1
173,イーガンズ,ボンダーズブレンド,700,アイリッシュ,0,1
174,イーガンズ,ヴィンテージグレーン,1000,アイリッシュ,0,1
175,イーガンズ,エンデヴァー,1000,アイリッシュ,0,1
176,ブッシュミルズ,10年,800,アイリッシュ,0,1
177,ブッシュミルズ,12年,1000,アイリッシュ,0,1
178,クロナキルティ,ダブルオーク,1100,アイリッシュ,0,1
179,クロナキルティ,ポートカスクフィニッシュ,1100,アイリッシュ,0,1
180,グリーンスポット,,900,アイリッシュ,0,1
181,ブルースポット,7年,1400,アイリッシュ,0,1
182,イエロースポット,12年,1600,アイリッシュ,0,1
183,レッドスポット,15年,2000,アイリッシュ,0,1
184,カナディアンクラブ,,500,カナディアン,0,1
185,カナディアンクラブ,6年,800,カナディアン,0,1
186,クラウンローヤル,,500,カナディアン,0,1
187,クラウンローヤル,リザーブ,700,カナディアン,0,1
188,カバラン,ディストラリーセレクトNo.1,900,その他ウイスキー,0,1
189,カバラン,ディストラリーセレクトNo.2,900,その他ウイスキー,0,1
190,カバラン,クラシック,1700,その他ウイスキー,0,1
191,サントリー,碧Ao,900,その他ウイスキー,0,1
192,タンカレー,,600,ジン,0,1
193,タンカレー,No.10,900,ジン,0,1
194,ビーフィーター,,600,ジン,0,1
195,桜尾ジン,,600,ジン,0,1
196,翠,(ｽｲ),600,ジン,0,1
197,ボンベイ,サファイア,700,ジン,0,1
198,SiCX京都,スパイスマジックジン,800,ジン,0,1
199,SiCX京都,トロピカルマンゴージン,800,ジン,0,1
200,SiCX京都,レモンシトリックアシッドジン,800,ジン,0,1
201,京都EBISUジン bySiCX,,1000,ジン,0,1
202,瀬戸内,甘夏ジン,800,ジン,0,1
203,瀬戸内,檸檬ジン,800,ジン,0,1
204,ゴールド999.9,,900,ジン,0,1
205,季の美(ｷﾉﾋﾞ),,900,ジン,0,1
206,ジンマーレ,,900,ジン,0,1
207,六,ジン,900,ジン,0,1
208,クロナキルティ,ミンクジン,1000,ジン,0,1
209,サイレントプール,,1000,ジン,0,1
210,スケープグレイス,ブラックジン,1000,ジン,0,1
211,スケープグレイス,ブラッドオレンジジン,1200,ジン,0,1
212,ブルーラビット,ディスティラリートーキョードライジン,1000,ジン,0,1
213,ヤマレスト,オーディナリージン,1000,ジン,0,1
214,舞輪源蒸溜所,ジン,1200,ジン,0,1
215,スミノフ,ウォッカ,600,ウォッカ,0,1
216,グレイグース,ウォッカ,900,ウォッカ,0,1
217,バカルディ,スペリオールホワイトラム,600,ラム,0,1
218,ディプロマティコ,レゼルバイクスクルーシバ,1000,ラム,0,1
219,プランテーション,バルバドスXO,1400,ラム,0,1
220,トレスレイス,シルバー,600,テキーラ,0,1
221,トレスレイス,ゴールド,600,テキーラ,0,1
222,エラドゥーラ,プラタ シルバー,1000,テキーラ,0,1
223,パトロン,シルバー,1300,テキーラ,0,1
224,パトロン,エルアルト,3000,テキーラ,0,1
225,クラセアスール,テキーラレポサド,2500,テキーラ,0,1
226,サントリーV.S.O.P,,500,ブランデー,0,1
227,サントリーX.O,,600,ブランデー,0,1
228,ピスコポルトン,アチョラード,1200,ブランデー,0,1
229,ピスコポルトン,モジャール,1200,ブランデー,0,1
230,魔王,芋焼酎,500,焼酎,0,1
231,森伊蔵,芋焼酎,1000,焼酎,0,1
232,罪人,芋焼酎,500,焼酎,0,1
233,佐藤麦,麦焼酎,600,焼酎,0,1
234,いいちこ,麦焼酎,500,焼酎,0,1
235,梅酒,山崎蒸溜所貯蔵,600,リキュール,0,1
236,ジファール,ライチ,900,リキュール,0,1
237,ジファール,ビガレ・シナシナ,900,リキュール,0,1
238,ジファール,カフェ,900,リキュール,0,1
239,ジファール,マントパスティーユ,900,リキュール,0,1
240,ジファール,ブルーキュラソー,900,リキュール,0,1
241,ジファール,フルール・ド・スュロ・ソヴァージュ,900,リキュール,0,1
242,クレーム・ド・カシス,,600,リキュール,0,1
243,シャンキーズウィップ,,1000,リキュール,0,1
244,カンパリ,,600,リキュール,0,1
245,ベイリーズ,,600,リキュール,0,1
246,マンゴヤン,,600,リキュール,0,1
247,巨峰紫,,600,リキュール,0,1
248,コアントロー,,600,リキュール,0,1
249,アペロール,,600,リキュール,0,1
250,ディサローノ,アマレット,600,リキュール,0,1
251,モーツァルト,,500,リキュール,0,1
252,戸河内,珈琲,600,リキュール,0,1
253,奏,,500,リキュール,0,1
254,ジャックダニエル,テネシーハニー,500,リキュール,0,1
255,ジェット27,,500,リキュール,0,1
256,ティフィン,,600,リキュール,0,1
257,フォション,,500,リキュール,0,1
